type, message,Training_Testing
,,0
,,0
,,0
,,0
,,0
,,0
,,0
,,0
,,0
,,0
,,0
,,0
,,0
,,0
,,0
,,0
,,0
,,0
,,0
,,0
,,0
,,0
,,0
,,0
,,0
,,0
,,0
,,0
,,0
,,0
,,0
,,0
,,0
,,0
,,0
,,0
,,0
,,0
,,0
,,0
,,0
,,0
,,0
,,0
,,0
,,0
,,0
,,0
,,0
,,0
,,0
,,0
,,0
,,0
,,0
,,0
,,0
,,0
,,0
,,0
,,0
,,0
,,0
,,0
,,0
,,0
,,0
,,0
,,0
,,0
,,0
,,0
,,0
,,0
,,0
,,0
,,0
,,0
,,0
,,0
,,0
,,0
,,0
,,0
,,0
,,0
,,0
,,0
,,0
,,0
,,0
,,0
,,0
,,0
,,0
,,0
,,0
,,0
,,0
,,0
,,0
,,0
,,0
,,0
,,0
,,0
,,0
,,0
,,0
,,0
,,0
,,0
,,0
,,0
,,0
,,0
,,0
,,0
,,0
,,0
,,0
,,0
,,0
,,0
,,0
,,0
,,0
,,0
,,0
,,0
,,0
,,0
,,0
,,0
,,0
,,0
,,0
,,0
,,0
,,0
,,0
,,0
,,0
,,0
,,0
,,0
,,0
,,0
,,0
,,0
,,0
,,0
,,0
,,0
,,0
,,0
,,0
,,0
,,0
,,0
,,0
,,0
,,0
,,0
,,0
,,0
,,0
,,0
,,0
,,0
,,0
,,0
,,0
,,0
,,0
,,0
,,0
,,0
,,0
,,0
,,0
,,0
,,0
,,0
,,0
,,0
,,0
,,0
,,0
,,0
,,0
,,0
,,0
,,0
,,0
,,0
,,0
,,0
,,0
,,0
,,0
,,0
,,0
,,0
,,0
,,0
,,0
,,0
,,0
,,0
,,0
,,0
,,0
,,0
,,0
,,0
,,0
,,0
,,0
,,0
,,0
,,0
,,0
,,0
,,0
,,0
,,0
,,0
,,0
,,0
,,0
,,0
,,0
,,0
,,0
,,0
,,0
,,0
,,0
,,0
,,0
,,0
,,0
,,0
,,0
,,0
,,0
,,0
,,0
,,0
,,0
,,0
,,0
,,0
,,0
,,0
,,0
,,0
,,0
,,0
,,0
,,0
,,0
,,0
,,0
,,0
,,0
,,0
,,0
,,0
,,0
,,0
,,0
,,0
,,0
,,0
,,0
,,0
,,0
,,0
,,0
,,0
,,0
,,0
,,0
,,0
,,0
,,0
,,0
,,0
,,0
,,0
,,0
,,0
,,0
,,0
,,0
,,0
,,0
,,0
,,0
,,0
,,0
,,0
,,0
,,0
,,0
,,0
,,0
,,0
,,0
,,0
,,0
,,0
,,0
,,0
,,0
,,0
,,0
,,0
,,0
,,0
,,0
,,0
,,0
,,0
,,0
,,0
,,0
,,0
,,0
,,0
,,0
,,0
,,0
,,0
,,0
,,0
,,0
,,0
,,0
,,0
,,0
,,0
,,0
,,0
,,0
,,0
,,0
,,0
,,0
,,0
,,0
,,0
,,0
,,0
,,0
,,0
,,0
,,0
,,0
,,0
,,0
,,0
,,0
,,0
,,0
,,0
,,0
,,0
,,0
,,0
,,0
,,0
,,0
,,0
,,0
,,0
,,0
,,0
,,0
,,0
,,0
,,0
,,0
,,0
,,0
,,0
,,0
,,0
,,0
,,0
,,0
,,0
,,0
,,0
,,0
,,0
,,0
,,0
,,0
,,0
,,0
,,0
,,0
,,0
,,0
,,0
,,0
,,0
,,0
,,0
,,0
,,0
,,0
,,0
,,0
,,0
,,0
,,0
,,0
,,0
,,0
,,0
,,0
,,0
,,0
,,0
,,0
,,0
,,0
,,0
,,0
,,0
,,0
,,0
,,0
GE,"GNT:-)""",0
,,0
,,0
,,0
,,0
,,0
,,0
,,0
,,0
,,0
,,0
,,0
,,0
,,0
,,0
,,0
,,0
,,0
,,0
,,0
,,0
,,0
,,0
,,0
,,0
,,0
,,0
,,0
,,0
,,0
,,0
,,0
,,0
,,0
,,0
,,0
,,0
,,0
,,0
,,0
,,0
,,0
,,0
,,0
,,0
,,0
,,0
,,0
,,0
,,0
,,0
,,0
,,0
,,0
,,0
,,0
,,0
,,0
,,0
,,0
,,0
,,0
,,0
,,0
,,0
,,0
,,0
,,0
,,0
,,0
,,0
,,0
,,0
,,0
,,0
,,0
,,0
,,0
,,0
,,0
,,0
,,0
,,0
,,0
,,0
,,0
,,0
,,0
,,0
,,0
,,0
,,0
,,0
,,0
,,0
,,0
,,0
,,0
,,0
,,0
,,0
,,0
,,0
,,0
,,0
,,0
,,0
,,0
,,0
,,0
,,0
,,0
,,0
,,0
,,0
,,0
,,0
,,0
,,0
,,0
,,0
,,0
,,0
,,0
,,0
,,0
,,0
,,0
,,0
,,0
,,0
,,0
,,0
,,0
,,0
,,0
,,0
,,0
,,0
,,0
,,0
,,0
,,0
,,0
,,0
,,0
,,0
,,0
,,0
,,0
,,0
,,0
,,0
,,0
,,0
,,0
,,0
,,0
,,0
,,0
,,0
,,0
,,0
,,0
,,0
,,0
,,0
,,0
,,0
,,0
,,0
,,0
,,0
,,0
,,0
,,0
,,0
,,0
,,0
,,0
,,0
,,0
,,0
,,0
,,0
,,0
,,0
,,0
,,0
,,0
,,0
,,0
,,0
,,0
,,0
,,0
,,0
,,0
,,0
,,0
,,0
,,0
,,0
,,0
,,0
,,0
,,0
,,0
,,0
,,0
,,0
,,0
,,0
,,0
,,0
,,0
,,0
,,0
,,0
,,0
,,0
,,0
,,0
,,0
,,0
,,0
,,0
,,0
,,0
,,0
,,0
,,0
,,0
,,0
,,0
,,0
,,0
,,0
,,0
,,0
,,0
,,0
,,0
,,0
,,0
,,0
,,0
,,0
,,0
,,0
,,0
,,0
,,0
,,0
,,0
,,0
,,0
,,0
,,0
,,0
,,0
,,0
,,0
,,0
,,0
,,0
,,0
,,0
,,0
,,0
"I��L CALL U\""""",,0
,,0
,,0
,,0
,,0
,,0
,,0
,,0
,,0
,,0
,,0
,,0
,,0
,,0
,,0
,,0
,,0
,,0
,,0
,,0
,,0
,,0
,,0
,,0
,,0
,,0
,,0
,,0
,,0
,,0
,,0
,,0
,,0
,,0
,,0
,,0
,,0
,,0
,,0
,,0
,,0
,,0
,,0
,,0
,,0
,,0
,,0
,,0
,,0
,,0
,,0
,,0
,,0
,,0
,,0
,,0
,,0
,,0
,,0
,,0
,,0
,,0
,,0
,,0
,,0
,,0
,,0
,,0
,,0
,,0
,,0
,,0
,,0
,,0
,,0
,,0
,,0
,,0
,,0
,,0
,,0
,,0
,,0
,,0
,,0
,,0
,,0
,,0
,,0
,,0
,,0
,,0
,,0
,,0
,,0
,,0
,,0
,,0
,,0
,,0
,,0
,,0
,,0
,,0
,,0
,,0
,,0
,,0
,,0
,,0
,,0
,,0
,,0
,,0
,,0
,,0
,,0
,,0
,,0
,,0
,,0
,,0
,,0
,,0
,,0
,,0
,,0
,,0
,,0
,,0
,,0
,,0
,,0
,,0
,,0
,,0
,,0
,,0
,,0
,,0
,,0
,,0
,,0
,,0
,,0
,,0
,,0
,,0
,,0
,,0
,,0
,,0
,,0
,,0
,,0
,,0
,,0
,,0
,,0
,,0
,,0
,,0
,,0
,,0
,,0
,,0
,,0
,,0
,,0
,,0
,,0
,,0
,,0
,,0
,,0
,,0
,,0
,,0
,,0
,,0
,,0
,,0
,,0
,,0
,,0
,,0
,,0
,,0
,,0
,,0
,,0
,,0
,,0
,,0
,,0
,,0
,,0
,,0
,,0
,,0
,,0
,,0
,,0
,,0
,,0
,,0
,,0
,,0
,,0
,,0
,,0
,,0
,,0
,,0
,,0
,,0
,,0
,,0
,,0
,,0
,,0
,,0
,,0
,,0
,,0
,,0
,,0
,,0
,,0
,,0
,,0
,,0
,,0
,,0
,,0
,,0
,,0
,,0
,,0
,,0
,,0
,,0
,,0
,,0
,,0
,,0
,,0
,,0
,,0
,,0
,,0
,,0
,,0
,,0
,,0
,,0
,,0
,,0
,,0
,,0
,,0
,,0
,,0
,,0
,,0
,,0
,,0
,,0
,,0
,,0
,,0
,,0
,,0
,,0
,,0
,,0
,,0
,,0
,,0
,,0
,,0
,,0
,,0
,,0
,,0
,,0
,,0
,,0
,,0
,,0
,,0
,,0
,,0
,,0
,,0
,,0
,,0
,,0
,,0
,,0
,,0
,,0
,,0
,,0
,,0
,,0
,,0
,,0
,,0
,,0
,,0
,,0
,,0
,,0
,,0
,,0
,,0
,,0
,,0
,,0
,,0
,,0
,,0
,,0
,,0
,,0
,,0
,,0
,,0
,,0
,,0
,,0
,,0
,,0
,,0
,,0
,,0
,,0
,,0
,,0
,,0
,,0
,,0
,,0
,,0
,,0
,,0
,,0
,,0
,,0
,,0
" MK17 92H. 450Ppw 16""",,0
,,0
,,0
,,0
,,0
,,0
,,0
,,0
,,0
,,0
,,0
,,0
,,0
,,0
,,0
,,0
,,0
,,0
,,0
,,0
,,0
,,0
,,0
,,0
,,0
,,0
,,0
,,0
,,0
,,0
,,0
,,0
,,0
,,0
,,0
,,0
,,0
,,0
,,0
,,0
,,0
,,0
,,0
,,0
,,0
,,0
,,0
,,0
,,0
,,0
,,0
,,0
,,0
,,0
,,0
,,0
,,0
,,0
,,0
,,0
,,0
,,0
,,0
,,0
,,0
,,0
,,0
,,0
,,0
,,0
,,0
,,0
,,0
,,0
,,0
,,0
,,0
,,0
,,0
,,0
,,0
,,0
,,0
,,0
,,0
,,0
,,0
,,0
,,0
,,0
,,0
,,0
,,0
,,0
,,0
,,0
,,0
,,0
,,0
,,0
,,0
,,0
,,0
,,0
,,0
,,0
,,0
,,0
,,0
,,0
,,0
,,0
,,0
,,0
,,0
,,0
,,0
,,0
,,0
,,0
,,0
,,0
,,0
,,0
,,0
,,0
,,0
,,0
,,0
,,0
,,0
,,0
,,0
,,0
,,0
,,0
,,0
,,0
,,0
,,0
,,0
,,0
,,0
,,0
,,0
,,0
,,0
,,0
,,0
,,0
,,0
,,0
,,0
,,0
,,0
,,0
,,0
,,0
,,0
,,0
,,0
,,0
,,0
,,0
,,0
,,0
,,0
,,0
,,0
,,0
,,0
,,0
,,0
,,0
,,0
,,0
,,0
,,0
,,0
,,0
,,0
,,0
,,0
,,0
,,0
,,0
,,0
,,0
,,0
,,0
,,0
,,0
,,0
,,0
,,0
,,0
,,0
,,0
,,0
,,0
,,0
,,0
,,0
,,0
,,0
,,0
,,0
,,0
,,0
,,0
,,0
,,0
,,0
,,0
,,0
,,0
,,0
,,0
,,0
,,0
,,0
,,0
,,0
,,0
,,0
,,0
,,0
"U NO THECD ISV.IMPORTANT TOME 4 2MORO\""""",,0
,,0
,,0
,,0
,,0
,,0
,,0
" \""OH No! COMPETITION\"". Who knew"," one day these two will become FREINDS FOREVER!""",0
,,0
,,0
,,0
,,0
,,0
,,0
,,0
,,0
,,0
,,0
,,0
,,0
,,0
,,0
,,0
,,0
,,0
,,0
,,0
,,0
,,0
,,0
,,0
,,0
,,0
,,0
,,0
,,0
,,0
,,0
,,0
,,0
,,0
,,0
,,0
,,0
,,0
,,0
,,0
,,0
,,0
,,0
,,0
,,0
,,0
,,0
,,0
,,0
,,0
,,0
,,0
,,0
,,0
,,0
,,0
,,0
,,0
,,0
,,0
,,0
,,0
,,0
,,0
,,0
,,0
,,0
,,0
,,0
,,0
,,0
,,0
,,0
,,0
,,0
,,0
,,0
,,0
,,0
,,0
,,0
,,0
,,0
,,0
,,0
,,0
,,0
,,0
,,0
,,0
,,0
,,0
,,0
,,0
,,0
,,0
,,0
,,0
,,0
,,0
,,0
,,0
,,0
,,0
,,0
,,0
,,0
,,0
,,0
,,0
,,0
,,0
,,0
,,0
,,0
,,0
,,0
,,0
,,0
,,0
,,0
,,0
,,0
,,0
,,0
,,0
,,0
,,0
,,0
,,0
,,0
,,0
,,0
,,0
,,0
,,0
,,0
,,0
,,0
,,0
,,0
,,0
,,0
,,0
,,0
,,0
,,0
,,0
,,0
,,0
,,0
,,0
,,0
,,0
,,0
,,0
,,0
,,0
,,0
,,0
,,0
,,0
,,0
,,0
,,0
,,0
,,0
,,0
,,0
,,0
,,0
,,0
,,0
,,0
,,0
,,0
,,0
,,0
,,0
,,0
,,0
,,0
,,0
,,0
,,0
,,0
,,0
,,0
,,0
,,0
,,0
,,0
,,0
,,0
,,0
,,0
,,0
,,0
,,0
,,0
,,0
,,0
,,0
,,0
,,0
,,0
,,0
,,0
,,0
,,0
,,0
,,0
,,0
,,0
,,0
,,0
,,0
,,0
,,0
,,0
,,0
,,0
,,0
,,0
,,0
,,0
,,0
,,0
,,0
,,0
,,0
,,0
,,0
,,0
,,0
,,0
,,0
,,0
,,0
,,0
,,0
,,0
,,0
,,0
,,0
,,0
,,0
,,0
,,0
,,0
,,0
,,0
,,0
,,0
,,0
,,0
,,0
,,0
,,0
,,0
,,0
,,0
,,0
,,0
,,0
,,0
,,0
,,0
,,0
,,0
,,0
,,0
,,0
,,0
,,0
,,0
,,0
,,0
,,0
,,0
,,0
,,0
,,0
,,0
,,0
,,0
,,0
,,0
,,0
,,0
,,0
,,0
,,0
,,0
,,0
,,0
,,0
,,0
,,0
,,0
,,0
,,0
,,0
,,0
,,0
,,0
,,0
,,0
,,0
,,0
,,0
,,0
,,0
,,0
,,0
,,0
,,0
,,0
,,0
,,0
,,0
,,0
,,0
,,0
,,0
,,0
,,0
,,0
,,0
,,0
,,0
,,0
,,0
,,0
,,0
,,0
,,0
,,0
,,0
,,0
,,0
,,0
,,0
,,0
,,0
,,0
,,0
,,0
,,0
,,0
,,0
,,0
,,0
,,0
,,0
,,0
,,0
,,0
,,0
,,0
,,0
,,0
,,0
,,0
,,0
,,0
,,0
,,0
,,0
,,0
,,0
,,0
,,0
,,0
,,0
,,0
,,0
,,0
,,0
,,0
,,0
,,0
,,0
,,0
,,0
,,0
,,0
,,0
,,0
,,0
,,0
,,0
,,0
,,0
,,0
,,0
,,0
,,0
,,0
,,0
,,0
,,0
,,0
,,0
,,0
,,0
,,0
GE,"GNT:-)""",0
,,0
,,0
,,0
,,0
,,0
,,0
,,0
,,0
,,0
,,0
,,0
,,0
,,0
,,0
,,0
,,0
,,0
,,0
,,0
,,0
,,0
,,0
,,0
,,0
,,0
,,0
,,0
,,0
,,0
,,0
,,0
,,0
,,0
,,0
,,0
,,0
,,0
,,0
,,0
,,0
,,0
,,0
,,0
,,0
,,0
,,0
,,0
,,0
,,0
,,0
,,0
,,0
,,0
,,0
,,0
,,0
,,0
,,0
,,0
,,0
,,0
,,0
,,0
,,0
,,0
,,0
,,0
,,0
,,0
,,0
,,0
,,0
,,0
,,0
,,0
,,0
,,0
,,0
,,0
,,0
,,0
,,0
,,0
,,0
,,0
,,0
,,0
,,0
,,0
,,0
,,0
,,0
,,0
,,0
,,0
,,0
,,0
,,0
,,0
,,0
,,0
,,0
,,0
,,0
,,0
,,0
,,0
,,0
,,0
,,0
,,0
,,0
,,0
,,0
,,0
,,0
,,0
,,0
,,0
,,0
,,0
,,0
,,0
,,0
,,0
,,0
,,0
,,0
,,0
,,0
,,0
,,0
,,0
,,0
,,0
,,0
,,0
,,0
,,0
,,0
,,0
,,0
,,0
,,0
,,0
,,0
,,0
,,0
,,0
,,0
,,0
,,0
,,0
,,0
,,0
,,0
,,0
,,0
,,0
,,0
,,0
,,0
,,0
,,0
,,0
,,0
,,0
,,0
,,0
,,0
,,0
,,0
,,0
,,0
,,0
,,0
,,0
,,0
,,0
,,0
,,0
,,0
,,0
,,0
,,0
,,0
,,0
,,0
,,0
,,0
,,0
,,0
,,0
,,0
,,0
,,0
,,0
,,0
,,0
,,0
,,0
,,0
,,0
,,0
,,0
,,0
,,0
,,0
,,0
,,0
,,0
,,0
,,0
,,0
,,0
,,0
,,0
,,0
,,0
,,0
,,0
,,0
,,0
,,0
,,0
,,0
,,0
,,0
,,0
,,0
,,0
,,0
,,0
,,0
,,0
,,0
,,0
,,0
,,0
,,0
,,0
,,0
,,0
,,0
,,0
,,0
,,0
,,0
,,0
,,0
,,0
,,0
,,0
,,0
,,0
,,0
,,0
,,0
,,0
,,0
,,0
,,0
,,0
,,0
,,0
,,0
,,0
,,0
,,0
,,0
,,0
,,0
,,0
,,0
,,0
,,0
,,0
,,0
,,0
,,0
,,0
,,0
,,0
,,0
,,0
,,0
,,0
,,0
,,0
,,0
,,0
,,0
,,0
,,0
,,0
,,0
,,0
,,0
,,0
,,0
,,0
,,0
,,0
,,0
,,0
,,0
,,0
,,0
,,0
,,0
,,0
,,0
,,0
,,0
,,0
,,0
,,0
,,0
,,0
,,0
,,0
,,0
,,0
,,0
,,0
,,0
,,0
,,0
,,0
,,0
,,0
,,0
,,0
,,0
,,0
,,0
,,0
,,0
,,0
,,0
,,0
,,0
,,0
,,0
,,0
,,0
,,0
,,0
,,0
,,0
,,0
,,0
,,0
,,0
,,0
,,0
,,0
,,0
,,0
,,0
,,0
,,0
,,0
,,0
,,0
,,0
,,0
,,0
,,0
,,0
,,0
,,0
,,0
,,0
,,0
,,0
,,0
,,0
,,0
,,0
,,0
,,0
,,0
,,0
,,0
,,0
,,0
,,0
,,0
,,0
,,0
,,0
,,0
,,0
,,0
,,0
,,0
,,0
,,0
,,0
,,0
,,0
,,0
,,0
,,0
,,0
,,0
,,0
,,0
,,0
,,0
,,0
,,0
,,0
,,0
,,0
,,0
,,0
,,0
,,0
,,0
,,0
,,0
,,0
,,0
,,0
,,0
,,0
,,0
,,0
,,0
,,0
,,0
,,0
,,0
,,0
,,0
,,0
,,0
,,0
,,0
,,0
,,0
,,0
,,0
,,0
,,0
,,0
,,0
,,0
,,0
,,0
,,0
,,0
,,0
,,0
,,0
,,0
,,0
,,0
,,0
,,0
,,0
,,0
,,0
,,0
,,0
,,0
,,0
,,0
,,0
,,0
,,0
,,0
,,0
,,0
,,0
,,0
,,0
,,0
,,0
,,0
,,0
,,0
,,0
,,0
,,0
,,0
,,0
,,0
,,0
,,0
,,0
,,0
,,0
,,0
,,0
,,0
,,0
,,0
,,0
,,0
,,0
,,0
,,0
,,0
,,0
,,0
,,0
,,0
,,0
,,0
,,0
,,0
,,0
,,0
,,0
,,0
,,0
,,0
,,0
,,0
,,0
,,0
,,0
,,0
,,0
,,0
,,0
,,0
,,0
,,0
,,0
,,0
,,0
,,0
,,0
,,0
,,0
,,0
,,0
,,0
,,0
,,0
,,0
,,0
,,0
,,0
,,0
,,0
,,0
,,0
,,0
,,0
,,0
,,0
,,0
,,0
,,0
,,0
,,0
,,0
,,0
,,0
,,0
,,0
" ILLSPEAK 2 U2MORO WEN IM NOT ASLEEP...\""""",,0
,,0
,,0
,,0
,,0
,,0
,,0
,,0
,,0
,,0
,,0
,,0
,,0
,,0
,,0
,,0
,,0
,,0
,,0
,,0
,,0
,,0
,,0
,,0
,,0
,,0
,,0
,,0
,,0
,,0
,,0
,,0
,,0
,,0
,,0
,,0
,,0
,,0
,,0
,,0
,,0
,,0
,,0
,,0
,,0
,,0
,,0
,,0
,,0
,,0
,,0
,,0
,,0
,,0
,,0
,,0
,,0
,,0
,,0
,,0
,,0
,,0
,,0
,,0
,,0
,,0
,,0
,,0
,,0
,,0
,,0
,,0
,,0
,,0
,,0
,,0
,,0
,,0
,,0
,,0
,,0
,,0
,,0
,,0
,,0
,,0
,,0
,,0
,,0
,,0
,,0
,,0
,,0
,,0
,,0
,,0
,,0
,,0
,,0
,,0
,,0
,,0
,,0
,,0
,,0
,,0
,,0
,,0
,,0
,,0
,,0
,,0
,,0
,,0
,,0
,,0
,,0
,,0
,,0
,,0
,,0
,,0
,,0
,,0
,,0
,,0
,,0
,,0
,,0
,,0
,,0
,,0
,,0
,,0
,,0
,,0
,,0
,,0
,,0
,,0
,,0
,,0
,,0
,,0
,,0
,,0
,,0
,,0
,,0
,,0
,,0
,,0
,,0
,,0
,,0
,,0
,,0
,,0
,,0
,,0
,,0
,,0
,,0
,,0
,,0
,,0
,,0
,,0
,,0
,,0
,,0
,,0
,,0
,,0
,,0
,,0
,,0
,,0
,,0
,,0
,,0
,,0
,,0
,,0
,,0
,,0
,,0
,,0
,,0
,,0
,,0
,,0
,,0
,,0
,,0
,,0
,,0
,,0
,,0
,,0
,,0
,,0
,,0
,,0
,,0
,,0
,,0
,,0
,,0
,,0
,,0
,,0
,,0
,,0
,,0
,,0
,,0
,,0
,,0
,,0
,,0
,,0
,,0
,,0
,,0
,,0
,,0
,,0
,,0
,,0
,,0
,,0
,,0
,,0
,,0
,,0
,,0
,,0
,,0
,,0
,,0
,,0
,,0
,,0
,,0
,,0
,,0
,,0
,,0
,,0
,,0
,,0
,,0
,,0
,,0
,,0
,,0
,,0
,,0
,,0
,,0
,,0
,,0
,,0
,,0
,,0
,,0
,,0
,,0
,,0
,,0
,,0
,,0
,,0
,,0
,,0
,,0
,,0
,,0
,,0
,,0
,,0
,,0
,,0
,,0
,,0
,,0
,,0
,,0
,,0
,,0
,,0
,,0
,,0
,,0
,,0
,,0
,,0
,,0
,,0
,,0
,,0
,,0
,,0
,,0
,,0
,,0
,,0
,,0
,,0
,,0
,,0
,,0
,,0
,,0
,,0
,,0
,,0
,,0
,,0
,,0
,,0
,,0
,,0
,,0
,,0
,,0
,,0
,,0
,,0
,,0
,,0
,,0
,,0
,,0
,,0
,,0
,,0
,,0
,,0
,,0
,,0
,,0
,,0
,,0
,,0
,,0
,,0
,,0
,,0
,,0
,,0
,,0
,,0
,,0
,,0
,,0
,,0
,,0
,,0
,,0
,,0
,,0
,,0
,,0
,,0
,,0
,,0
,,0
,,0
,,0
,,0
,,0
,,0
,,0
,,0
,,0
,,0
,,0
,,0
,,0
,,0
,,0
,,0
,,0
,,0
,,0
,,0
,,0
,,0
,,0
,,0
,,0
,,0
,,0
,,0
,,0
,,0
,,0
,,0
,,0
,,0
,,0
,,0
,,0
,,0
,,0
,,0
,,0
,,0
,,0
,,0
,,0
,,0
,,0
,,0
,,0
,,0
,,0
,,0
,,0
,,0
,,0
,,0
,,0
,,0
,,0
,,0
,,0
,,0
,,0
,,0
,,0
,,0
,,0
,,0
,,0
,,0
,,0
,,0
,,0
,,0
,,0
,,0
,,0
,,0
,,0
,,0
,,0
,,0
,,0
,,0
,,0
,,0
,,0
,,0
,,0
,,0
,,0
,,0
,,0
,,0
,,0
,,0
,,0
,,0
,,0
,,0
,,0
,,0
,,0
,,0
,,0
,,0
,,0
,,0
,,0
,,0
,,0
,,0
,,0
,,0
,,0
,,0
,,0
,,0
,,0
,,0
,,0
,,0
,,0
,,0
,,0
,,0
,,0
,,0
,,0
,,0
,,0
,,0
,,0
,,0
,,0
,,0
,,0
,,0
,,0
,,0
,,0
,,0
,,0
,,0
,,0
,,0
,,0
,,0
,,0
,,0
,,0
,,0
,,0
,,0
,,0
,,0
,,0
,,0
,,0
,,0
,,0
,,0
,,0
,,0
,,0
,,0
,,0
,,0
,,0
,,0
,,0
,,0
,,0
,,0
,,0
,,0
,,0
,,0
,,0
,,0
,,0
,,0
,,0
,,0
,,0
,,0
,,0
,,0
,,0
,,0
,,0
,,0
,,0
,,0
,,0
,,0
,,0
,,0
,,0
,,0
,,0
,,0
,,0
,,0
,,0
,,0
,,0
,,0
,,0
,,0
,,0
,,0
,,0
,,0
,,0
,,0
,,0
,,0
,,0
,,0
,,0
,,0
,,0
,,0
,,0
,,0
,,0
,,0
,,0
,,0
,,0
,,0
,,0
,,0
,,0
,,0
,,0
,,0
,,0
,,0
,,0
,,0
,,0
,,0
,,0
,,0
,,0
,,0
,,0
,,0
,,0
,,0
,,0
,,0
,,0
,,0
,,0
,,0
,,0
,,0
,,0
,,0
,,0
,,0
,,0
,,0
,,0
,,0
,,0
,,0
,,0
,,0
,,0
,,0
,,0
,,0
,,0
,,0
,,0
,,0
,,0
,,0
,,0
,,0
,,0
,,0
,,0
,,0
,,0
,,0
,,0
,,0
,,0
,,0
,,0
,,0
,,0
,,0
,,0
,,0
,,0
,,0
,,0
,,0
,,0
,,0
,,0
,,0
,,0
,,0
,,0
,,0
,,0
,,0
,,0
,,0
,,0
,,0
,,0
,,0
,,0
,,0
,,0
,,0
,,0
,,0
,,0
,,0
,,0
,,0
,,0
,,0
,,0
,,0
,,0
,,0
,,0
,,0
,,0
,,0
,,0
,,0
,,0
,,0
,,0
,,0
,,0
,,0
,,0
,,0
,,0
,,0
,,0
,,0
,,0
,,0
,,0
,,0
,,0
,,0
,,0
,,0
,,0
,,0
,,0
,,0
,,0
,,0
,,0
,,0
,,0
,,0
,,0
,,0
,,0
,,0
,,0
,,0
,,0
,,0
,,0
,,0
,,0
,,0
,,0
,,0
,,0
,,0
,,0
,,0
,,0
,,0
,,0
,,0
,,0
,,0
,,0
,,0
,,0
,,0
,,0
,,0
,,0
,,0
,,0
,,0
,,0
,,0
,,0
,,0
,,0
,,0
,,0
,,0
,,0
,,0
,,0
,,0
,,0
,,0
,,0
,,0
,,0
,,0
,,0
,,0
,,0
,,0
,,0
,,0
,,0
,,0
,,0
,,0
,,0
,,0
,,0
,,0
,,0
,,0
,,0
,,0
,,0
,,0
,,0
,,0
,,0
,,0
,,0
,,0
,,0
,,0
,,0
,,0
,,0
,,0
,,0
,,0
,,0
,,0
,,0
,,0
,,0
,,0
,,0
,,0
,,0
,,0
,,0
,,0
,,0
,,0
,,0
,,0
,,0
,,0
,,0
,,0
,,0
,,0
,,0
,,0
,,0
,,0
,,0
,,0
,,0
,,0
,,0
,,0
,,0
,,0
,,0
,,0
,,0
,,0
,,0
,,0
,,0
,,0
,,0
,,0
,,0
,,0
,,0
,,0
,,0
,,0
,,0
,,0
,,0
,,0
,,0
,,0
,,0
,,0
,,0
,,0
,,0
,,0
,,0
,,0
,,0
,,0
,,0
,,0
,,0
,,0
,,0
,,0
,,0
,,0
,,0
,,0
,,0
,,0
,,0
,,0
,,0
,,0
,,0
,,0
,,0
,,0
,,0
,,0
,,0
,,0
,,0
,,0
,,0
,,0
,,0
,,0
,,0
,,0
,,0
,,0
,,0
,,0
,,0
,,0
,,0
,,0
,,0
,,0
,,0
,,0
,,0
,,0
,,0
,,0
,,0
,,0
,,0
,,0
,,0
,,0
,,0
,,0
,,0
,,0
,,0
,,0
,,0
,,0
,,0
,,0
,,0
,,0
,,0
,,0
,,0
,,0
,,0
,,0
,,0
,,0
,,0
,,0
,,0
,,0
,,0
,,0
,,0
,,0
,,0
,,0
,,0
,,0
,,0
,,0
,,0
,,0
,,0
,,0
,,0
,,0
,,0
,,0
,,0
,,0
,,0
,,0
,,0
,,0
,,0
,,0
,,0
,,0
,,0
,,0
,,0
,,0
,,0
,,0
,,0
,,0
,,0
,,0
,,0
,,0
,,0
,,0
,,0
,,0
,,0
,,0
,,0
,,0
,,0
,,0
,,0
,,0
,,0
,,0
,,0
,,0
,,0
,,0
,,0
,,0
,,0
,,0
,,0
,,0
,,0
,,0
,,0
,,0
,,0
,,0
,,0
,,0
,,0
,,0
,,0
,,0
,,0
,,0
,,0
,,0
,,0
,,0
,,0
,,0
,,0
,,0
,,0
,,0
,,0
,,0
,,0
,,0
,,0
,,0
,,0
,,0
,,0
,,0
,,0
,,0
,,0
,,0
,,0
,,0
,,0
,,0
,,0
,,0
,,0
,,0
,,0
,,0
,,0
,,0
,,0
,,0
,,0
,,0
,,0
,,0
,,0
,,0
,,0
,,0
,,0
,,0
,,0
,,0
,,0
,,0
,,0
,,0
,,0
,,0
,,0
,,0
,,0
,,0
,,0
,,0
,,0
,,0
,,0
,,0
,,0
,,0
,,0
,,0
,,0
,,0
,,0
,,0
,,0
,,0
,,0
,,0
,,0
,,0
,,0
,,0
,,0
,,0
,,0
,,0
,,0
,,0
,,0
,,0
,,0
,,0
,,0
,,0
,,0
,,0
,,0
,,0
,,0
,,0
,,0
,,0
,,0
,,0
,,0
,,0
,,0
,,0
,,0
,,0
,,0
,,0
,,0
,,0
,,0
,,0
,,0
,,0
,,0
,,0
,,0
,,0
,,0
,,0
,,0
,,0
,,0
,,0
,,0
,,0
,,0
,,0
,,0
,,0
,,0
,,0
,,0
,,0
,,0
,,0
,,0
,,0
,,0
,,0
,,0
,,0
,,0
,,0
,,0
,,0
,,0
,,0
,,0
,,0
,,0
,,0
,,0
,,0
,,0
,,0
,,0
,,0
,,0
,,0
,,0
,,0
,,0
,,0
,,0
,,0
,,0
,,0
,,0
,,0
,,0
,,0
,,0
,,0
,,0
,,0
,,0
,,0
,,0
,,0
,,0
,,0
,,0
,,0
,,0
,,0
,,0
,,0
,,0
,,0
,,0
,,0
,,0
,,0
,,0
,,0
,,0
,,0
,,0
,,0
,,0
,,0
,,0
,,0
,,0
,,0
,,0
,,0
,,0
,,0
,,0
,,0
,,0
,,0
,,0
,,0
,,0
,,0
,,0
,,0
,,0
,,0
,,0
,,0
,,0
,,0
,,0
,,0
,,0
,,0
,,0
,,0
,,0
,,0
,,0
,,0
,,0
,,0
,,0
,,0
,,0
,,0
,,0
,,0
,,0
,,0
,,0
,,0
,,0
,,0
,,0
,,0
,,0
,,0
,,0
,,0
,,0
,,0
,,0
,,0
,,0
,,0
,,0
,,0
,,0
,,0
,,0
,,0
,,0
,,0
,,0
,,0
,,0
,,0
,,0
,,0
,,0
,,0
,,0
,,0
,,0
,,0
,,0
,,0
,,0
,,0
,,0
,,0
,,0
,,0
,,0
,,0
,,0
,,0
,,0
,,0
,,0
,,0
,,0
,,0
,,0
,,0
,,0
,,0
,,0
,,0
,,0
,,0
,,0
,,0
,,0
,,0
,,0
,,0
,,0
,,0
,,0
,,0
,,0
,,0
,,0
,,0
,,0
,,0
,,0
,,0
,,0
,,0
,,0
,,0
,,0
,,0
,,0
,,0
,,0
,,0
,,0
,,0
,,0
,,0
,,0
,,0
,,0
,,0
,,0
,,0
,,0
,,0
,,0
,,0
,,0
,,0
,,0
,,0
,,0
,,0
,,0
,,0
 TX 4 FONIN HON," CALL 2MWEN IM BK FRMCLOUD 9! J X\""""",0
,,0
,,0
,,0
,,0
,,0
,,0
,,0
,,0
,,0
,,0
,,0
,,0
,,0
,,0
,,0
,,0
,,0
,,0
,,0
,,0
,,0
,,0
,,0
,,0
,,0
,,0
,,0
,,0
,,0
,,0
,,0
,,0
,,0
,,0
,,0
,,0
,,0
,,0
,,0
,,0
,,0
,,0
,,0
,,0
,,0
,,0
,,0
,,0
,,0
,,0
,,0
,,0
,,0
,,0
,,0
,,0
,,0
,,0
,,0
,,0
,,0
,,0
,,0
,,0
,,0
,,0
,,0
,,0
,,0
,,0
,,0
,,0
,,0
,,0
,,0
,,0
,,0
,,0
,,0
,,0
,,0
,,0
,,0
,,0
,,0
,,0
,,0
,,0
,,0
,,0
,,0
,,0
,,0
,,0
,,0
,,0
,,0
,,0
,,0
,,0
,,0
,,0
,,0
,,0
,,0
 why to miss them," just Keep-in-touch\"" gdeve..""",0
,,0
,,0
,,0
,,0
,,0
,,0
,,0
,,0
,,0
,,0
,,0
,,0
,,0
,,0
,,0
,,0
,,0
,,0
,,0
,,0
,,0
,,0
,,0
,,0
,,0
,,0
,,0
,,0
,,0
,,0
,,0
,,0
,,0
,,0
,,0
,,0
,,0
,,0
,,0
,,0
,,0
,,0
,,0
,,0
,,0
,,0
,,0
,,0
,,0
,,0
,,0
,,0
,,0
,,0
,,0
,,0
,,0
,,0
,,0
,,0
,,0
,,0
,,0
,,0
,,0
,,0
,,0
,,0
,,0
,,0
,,0
,,0
,,0
,,0
,,0
,,0
,,0
,,0
,,0
,,0
,,0
,,0
,,0
,,0
,,0
,,0
,,0
,,0
,,0
,,0
,,0
,,0
,,0
,,0
,,0
,,0
,,0
,,0
,,0
,,0
,,0
,,0
,,0
,,0
,,0
,,0
,,0
,,0
,,0
,,0
,,0
,,0
,,0
,,0
,,0
,,0
,,0
,,0
,,0
,,0
,,0
,,0
,,0
,,0
,,0
,,0
,,0
,,0
,,0
,,0
,,0
,,0
,,0
,,0
,,0
,,0
,,0
,,0
,,0
,,0
,,0
,,0
,,0
,,0
,,0
,,0
,,0
,,0
,,0
,,0
,,0
,,0
,,0
,,0
,,0
,,0
,,0
,,0
,,0
,,0
,,0
,,0
,,0
,,0
,,0
,,0
,,0
,,0
,,0
,,0
,,0
,,0
,,0
,,0
,,0
,,0
,,0
,,0
,,0
,,0
,,0
,,0
,,0
,,0
,,0
,,0
,,0
,,0
,,0
,,0
,,0
,,0
,,0
,,0
,,0
,,0
,,0
,,0
,,0
,,0
,,0
,,0
,,0
,,0
,,0
,,0
,,0
,,0
,,0
,,0
,,0
,,0
,,0
,,0
,,0
,,0
,,0
,,0
,,0
,,0
,,0
,,0
,,0
,,0
,,0
,,0
,,0
,,0
,,0
,,0
,,0
,,0
,,0
,,0
,,0
,,0
,,0
,,0
,,0
,,0
,,0
,,0
,,0
,,0
,,0
,,0
,,0
,,0
,,0
,,0
,,0
,,0
,,0
,,0
,,0
,,0
,,0
,,0
,,0
,,0
,,0
,,0
,,0
,,0
,,0
,,0
,,0
,,0
,,0
,,0
,,0
,,0
,,0
,,0
,,0
,,0
,,0
,,0
,,0
,,0
,,0
,,0
,,0
,,0
,,0
,,0
,,0
,,0
,,0
,,0
,,0
,,0
,,0
,,0
,,0
,,0
,,0
,,0
,,0
,,0
,,0
,,0
,,0
,,0
,,0
,,0
,,0
,,0
,,0
,,0
,,0
,,0
,,0
,,0
,,0
,,0
,,0
,,0
,,0
,,0
,,0
,,0
,,0
,,0
,,0
,,0
,,0
,,0
,,0
,,0
,,0
,,0
,,0
,,0
,,0
,,0
,,0
,,0
,,0
,,0
,,0
,,0
,,0
,,0
,,0
,,0
,,0
,,0
,,0
,,0
,,0
,,0
,,0
,,0
,,0
,,0
,,0
,,0
,,0
,,0
,,0
,,0
,,0
,,0
,,0
,,0
,,0
,,0
,,0
,,0
,,0
,,0
,,0
,,0
,,0
,,0
,,0
,,0
,,0
,,0
,,0
,,0
,,0
,,0
,,0
,,0
,,0
,,0
,,0
,,0
,,0
,,0
,,0
,,0
,,0
,,0
,,0
,,0
,,0
,,0
,,0
,,0
,,0
,,0
,,0
,,0
,,0
,,0
,,0
,,0
,,0
,,0
,,0
,,0
,,0
,,0
,,0
,,0
,,0
,,0
,,0
,,0
,,0
,,0
,,0
,,0
,,0
,,0
,,0
,,0
,,0
,,0
,,0
,,0
,,0
,,0
,,0
,,0
,,0
,,0
,,0
,,0
,,0
,,0
,,0
,,0
,,0
,,0
,,0
,,0
,,0
,,0
,,0
,,0
,,0
,,0
,,0
,,0
,,0
,,0
,,0
,,0
,,0
,,0
,,0
,,0
,,0
,,0
,,0
,,0
,,0
,,0
,,0
,,0
,,0
,,0
,,0
,,0
,,0
,,0
,,0
,,0
,,0
,,0
,,0
,,0
,,0
,,0
,,0
,,0
,,0
,,0
,,0
,,0
,,0
,,0
,,0
,,0
,,0
,,0
,,0
,,0
,,0
,,0
,,0
,,0
,,0
,,0
,,0
,,0
,,0
,,0
,,0
,,0
,,0
,,0
,,0
,,0
,,0
,,0
,,0
,,0
,,0
,,0
,,0
,,0
,,0
,,0
,,0
,,0
,,0
,,0
,,0
,,0
,,0
,,0
,,0
,,0
,,0
,,0
,,0
,,0
,,0
,,0
,,0
,,0
,,0
,,0
,,0
,,0
,,0
,,0
,,0
,,0
,,0
,,0
,,0
,,0
,,0
,,0
,,0
,,0
,,0
,,0
,,0
,,0
,,0
,,0
,,0
,,0
,,0
,,0
,,0
,,0
,,0
,,0
,,0
,,0
,,0
,,0
,,0
,,0
,,0
,,0
,,0
,,0
,,0
,,0
,,0
,,0
,,0
,,0
,,0
,,0
,,0
,,0
,,0
,,0
,,0
,,0
,,0
,,0
,,0
,,0
,,0
,,0
,,0
,,0
,,0
,,0
,,0
,,0
,,0
,,0
,,0
,,0
,,0
,,0
,,0
,,0
,,0
,,0
,,0
,,0
,,0
,,0
,,0
,,0
,,0
,,0
,,0
,,0
,,0
,,0
,,0
,,0
,,0
,,0
,,0
,,0
,,0
,,0
,,0
,,0
,,0
,,0
,,0
,,0
,,0
,,0
,,0
,,0
,,0
,,0
,,0
,,0
,,0
,,0
,,0
,,0
,,0
,,0
,,0
,,0
,,0
,,0
,,0
,,0
,,0
,,0
,,0
,,0
,,0
,,0
,,1
,,1
,,1
,,1
,,1
,,1
,,1
,,1
,,1
,,1
,,1
,,1
,,1
,,1
,,1
,,1
,,1
,,1
,,1
,,1
,,1
,,1
,,1
,,1
,,1
,,1
,,1
,,1
,,1
,,1
,,1
,,1
,,1
,,1
,,1
,,1
,,1
,,1
,,1
,,1
,,1
,,1
,,1
,,1
,,1
,,1
,,1
,,1
,,1
,,1
,,1
,,1
,,1
,,1
,,1
,,1
,,1
,,1
,,1
,,1
,,1
,,1
,,1
,,1
,,1
,,1
,,1
,,1
,,1
,,1
,,1
,,1
,,1
,,1
,,1
,,1
,,1
,,1
,,1
,,1
,,1
,,1
,,1
,,1
,,1
,,1
,,1
,,1
,,1
,,1
,,1
,,1
,,1
,,1
,,1
,,1
,,1
,,1
,,1
,,1
,,1
,,1
,,1
,,1
,,1
,,1
,,1
,,1
,,1
,,1
,,1
,,1
,,1
,,1
,,1
,,1
,,1
,,1
,,1
,,1
,,1
,,1
,,1
,,1
,,1
,,1
,,1
,,1
,,1
,,1
,,1
,,1
,,1
,,1
,,1
,,1
,,1
,,1
,,1
,,1
,,1
,,1
,,1
,,1
,,1
,,1
,,1
,,1
,,1
,,1
,,1
,,1
,,1
,,1
,,1
,,1
,,1
,,1
,,1
,,1
,,1
,,1
,,1
,,1
,,1
,,1
,,1
,,1
,,1
,,1
,,1
,,1
,,1
,,1
,,1
,,1
,,1
,,1
,,1
,,1
,,1
,,1
,,1
,,1
,,1
,,1
,,1
,,1
,,1
,,1
,,1
,,1
,,1
,,1
,,1
,,1
,,1
,,1
,,1
,,1
,,1
,,1
,,1
,,1
,,1
,,1
,,1
,,1
,,1
,,1
,,1
,,1
,,1
,,1
,,1
,,1
,,1
,,1
,,1
,,1
,,1
,,1
,,1
,,1
,,1
,,1
,,1
,,1
,,1
,,1
,,1
,,1
,,1
,,1
,,1
,,1
,,1
,,1
,,1
,,1
,,1
,,1
,,1
,,1
,,1
,,1
,,1
,,1
,,1
,,1
,,1
,,1
,,1
,,1
,,1
,,1
,,1
,,1
,,1
,,1
,,1
,,1
,,1
,,1
,,1
,,1
,,1
,,1
,,1
,,1
,,1
,,1
,,1
,,1
,,1
,,1
,,1
,,1
,,1
,,1
,,1
,,1
,,1
,,1
,,1
,,1
,,1
,,1
,,1
,,1
,,1
,,1
,,1
,,1
,,1
,,1
,,1
,,1
,,1
,,1
,,1
,,1
,,1
,,1
,,1
,,1
,,1
,,1
,,1
,,1
,,1
,,1
,,1
,,1
,,1
,,1
,,1
,,1
,,1
,,1
,,1
,,1
,,1
,,1
,,1
,,1
,,1
,,1
,,1
,,1
,,1
,,1
,,1
,,1
,,1
,,1
,,1
,,1
,,1
,,1
,,1
,,1
,,1
,,1
,,1
,,1
,,1
,,1
,,1
,,1
,,1
,,1
,,1
,,1
,,1
,,1
,,1
,,1
,,1
,,1
,,1
,,1
,,1
,,1
,,1
,,1
,,1
,,1
,,1
,,1
,,1
,,1
,,1
,,1
,,1
,,1
" MK17 92H. 450Ppw 16""",,1
,,1
,,1
,,1
,,1
,,1
,,1
,,1
,,1
,,1
,,1
,,1
,,1
,,1
,,1
,,1
,,1
,,1
,,1
,,1
,,1
,,1
,,1
,,1
,,1
,,1
,,1
,,1
,,1
,,1
,,1
,,1
,,1
,,1
,,1
,,1
,,1
,,1
,,1
,,1
,,1
,,1
,,1
,,1
,,1
,,1
,,1
,,1
,,1
,,1
,,1
,,1
,,1
,,1
,,1
,,1
,,1
,,1
,,1
,,1
,,1
,,1
,,1
,,1
,,1
,,1
,,1
,,1
,,1
,,1
,,1
,,1
,,1
,,1
,,1
,,1
,,1
,,1
,,1
,,1
,,1
,,1
,,1
,,1
,,1
,,1
,,1
,,1
,,1
,,1
,,1
,,1
,,1
,,1
,,1
,,1
,,1
,,1
,,1
,,1
,,1
,,1
,,1
,,1
,,1
,,1
,,1
,,1
,,1
,,1
,,1
,,1
,,1
,,1
,,1
,,1
,,1
,,1
,,1
,,1
,,1
,,1
,,1
,,1
,,1
,,1
,,1
,,1
,,1
,,1
,,1
,,1
,,1
,,1
,,1
,,1
,,1
,,1
,,1
,,1
,,1
,,1
,,1
,,1
,,1
,,1
,,1
,,1
,,1
,,1
,,1
,,1
,,1
,,1
,,1
,,1
,,1
,,1
,,1
,,1
,,1
,,1
,,1
,,1
,,1
,,1
,,1
,,1
,,1
,,1
,,1
,,1
,,1
,,1
,,1
,,1
,,1
,,1
,,1
,,1
,,1
,,1
,,1
,,1
,,1
,,1
,,1
,,1
,,1
,,1
,,1
,,1
,,1
,,1
,,1
,,1
,,1
,,1
,,1
,,1
,,1
,,1
,,1
,,1
,,1
,,1
,,1
,,1
,,1
,,1
,,1
,,1
,,1
,,1
,,1
,,1
,,1
,,1
,,1
,,1
,,1
,,1
,,1
,,1
,,1
,,1
,,1
,,1
,,1
,,1
,,1
,,1
,,1
,,1
,,1
,,1
,,1
,,1
,,1
,,1
,,1
,,1
,,1
,,1
,,1
,,1
,,1
,,1
,,1
,,1
,,1
,,1
,,1
,,1
,,1
,,1
,,1
,,1
,,1
,,1
,,1
,,1
,,1
,,1
,,1
,,1
,,1
,,1
,,1
,,1
,,1
,,1
,,1
,,1
,,1
,,1
,,1
,,1
,,1
,,1
,,1
,,1
,,1
,,1
,,1
,,1
,,1
,,1
,,1
,,1
,,1
,,1
,,1
,,1
,,1
,,1
,,1
,,1
,,1
,,1
,,1
,,1
,,1
,,1
,,1
,,1
,,1
,,1
,,1
,,1
,,1
,,1
,,1
,,1
,,1
,,1
"whoever is the KING\""!... Gud nyt""",,1
,,1
,,1
,,1
,,1
,,1
,,1
,,1
,,1
,,1
,,1
,,1
,,1
,,1
,,1
,,1
,,1
,,1
,,1
,,1
,,1
,,1
,,1
,,1
,,1
,,1
,,1
,,1
,,1
,,1
,,1
,,1
,,1
,,1
,,1
,,1
,,1
,,1
,,1
,,1
,,1
,,1
,,1
,,1
,,1
,,1
,,1
,,1
,,1
,,1
,,1
,,1
,,1
,,1
,,1
,,1
,,1
,,1
,,1
,,1
,,1
,,1
,,1
,,1
,,1
,,1
,,1
,,1
,,1
,,1
,,1
,,1
,,1
,,1
,,1
,,1
,,1
,,1
,,1
,,1
,,1
,,1
,,1
,,1
,,1
,,1
,,1
,,1
,,1
,,1
,,1
,,1
,,1
,,1
,,1
,,1
,,1
,,1
,,1
,,1
,,1
,,1
,,1
,,1
,,1
,,1
,,1
,,1
,,1
,,1
,,1
,,1
,,1
,,1
,,1
,,1
,,1
,,1
,,1
,,1
,,1
,,1
,,1
,,1
,,1
,,1
,,1
,,1
,,1
,,1
,,1
,,1
,,1
,,1
,,1
,,1
,,1
,,1
,,1
,,1
,,1
,,1
,,1
,,1
,,1
,,1
,,1
,,1
,,1
,,1
,,1
,,1
,,1
,,1
,,1
,,1
,,1
,,1
,,1
,,1
,,1
,,1
,,1
,,1
,,1
,,1
,,1
,,1
,,1
,,1
,,1
,,1
,,1
,,1
i wil tolerat.bcs ur my someone..... But," Never comfort me with a lie\"" gud ni8 and sweet dreams""",1
,,1
,,1
,,1
,,1
,,1
,,1
,,1
,,1
,,1
,,1
,,1
,,1
,,1
,,1
,,1
,,1
,,1
,,1
,,1
,,1
,,1
,,1
,,1
,,1
,,1
,,1
,,1
,,1
,,1
,,1
,,1
,,1
,,1
,,1
,,1
,,1
,,1
,,1
,,1
,,1
,,1
,,1
,,1
,,1
,,1
,,1
,,1
,,1
,,1
,,1
,,1
,,1
,,1
,,1
,,1
,,1
,,1
,,1
,,1
,,1
,,1
,,1
,,1
,,1
,,1
,,1
,,1
,,1
,,1
,,1
,,1
,,1
,,1
,,1
,,1
,,1
,,1
,,1
,,1
,,1
,,1
,,1
,,1
,,1
,,1
,,1
,,1
,,1
,,1
,,1
,,1
,,1
,,1
,,1
,,1
,,1
,,1
,,1
,,1
,,1
,,1
,,1
,,1
,,1
,,1
,,1
,,1
,,1
,,1
,,1
,,1
,,1
,,1
,,1
,,1
,,1
,,1
,,1
,,1
,,1
,,1
,,1
,,1
,,1
,,1
,,1
,,1
,,1
,,1
,,1
,,1
,,1
,,1
,,1
,,1
,,1
,,1
,,1
,,1
,,1
,,1
,,1
,,1
,,1
,,1
,,1
,,1
,,1
,,1
,,1
,,1
,,1
,,1
,,1
,,1
,,1
,,1
,,1
,,1
,,1
,,1
,,1
,,1
,,1
,,1
,,1
,,1
,,1
,,1
,,1
,,1
,,1
,,1
,,1
,,1
,,1
,,1
,,1
,,1
,,1
,,1
,,1
,,1
,,1
,,1
,,1
,,1
,,1
,,1
,,1
,,1
,,1
,,1
,,1
,,1
,,1
,,1
,,1
,,1
,,1
,,1
,,1
,,1
,,1
,,1
,,1
,,1
,,1
,,1
,,1
,,1
,,1
,,1
,,1
,,1
,,1
,,1
,,1
,,1
,,1
,,1
,,1
,,1
,,1
,,1
,,1
,,1
,,1
,,1
,,1
,,1
,,1
,,1
,,1
,,1
,,1
,,1
,,1
,,1
,,1
,,1
,,1
,,1
,,1
,,1
,,1
,,1
,,1
